Esperimento,Attacco,Tipo Attacco,Parametro,Punteggio Successo Attacco,IoU Ottimistico,IoU Pessimistico
./robustness_results/InstructPix2Pix/DiffVax,clean@None,clean,None,1.7700,0.7997,0.7041
./robustness_results/InstructPix2Pix/DiffVax,jpeg@85,jpeg,85,1.5967,0.7982,0.6932
./robustness_results/InstructPix2Pix/DiffVax,jpeg@60,jpeg,60,1.7900,0.7423,0.6100
./robustness_results/InstructPix2Pix/DiffVax,jpeg@50,jpeg,50,1.7600,0.7440,0.5923
./robustness_results/InstructPix2Pix/DiffVax,crop_center@0.9,crop_center,0.9,1.7700,0.5886,0.4528
./robustness_results/InstructPix2Pix/DiffVax,crop_center@0.75,crop_center,0.75,1.8633,0.4293,0.3113
./robustness_results/InstructPix2Pix/DiffVax,crop_center@0.5,crop_center,0.5,2.6967,0.2907,0.1735
./robustness_results/InstructPix2Pix/DiffVax,crop_random@0.9,crop_random,0.9,1.6467,0.5380,0.4077
./robustness_results/InstructPix2Pix/DiffVax,crop_random@0.75,crop_random,0.75,2.0667,0.4029,0.2789
./robustness_results/InstructPix2Pix/DiffVax,crop_random@0.5,crop_random,0.5,2.7233,0.2590,0.1534
./robustness_results/InstructPix2Pix/DiffVax,blur@0.5,blur,0.5,1.8600,0.7909,0.6660
./robustness_results/InstructPix2Pix/DiffVax,blur@1.0,blur,1.0,1.5267,0.7802,0.6164
./robustness_results/InstructPix2Pix/DiffVax,blur@2.0,blur,2.0,2.2333,0.7504,0.5395
./robustness_results/InstructPix2Pix/DiffVax,blur@4.0,blur,4.0,3.5800,0.6083,0.3863
./robustness_results/SD_Inpainting/DiffVax,clean@None,clean,None,4.8300,0.4119,0.1087
./robustness_results/SD_Inpainting/DiffVax,jpeg@85,jpeg,85,4.0567,0.4082,0.1174
./robustness_results/SD_Inpainting/DiffVax,jpeg@60,jpeg,60,4.7033,0.4163,0.1368
./robustness_results/SD_Inpainting/DiffVax,jpeg@50,jpeg,50,3.9467,0.4138,0.1312
./robustness_results/SD_Inpainting/DiffVax,crop_center@0.9,crop_center,0.9,2.4433,0.4420,0.2150
./robustness_results/SD_Inpainting/DiffVax,crop_center@0.75,crop_center,0.75,2.8200,0.4051,0.1864
./robustness_results/SD_Inpainting/DiffVax,crop_center@0.5,crop_center,0.5,3.5100,0.3199,0.1330
./robustness_results/SD_Inpainting/DiffVax,crop_random@0.9,crop_random,0.9,3.5633,0.3840,0.1760
./robustness_results/SD_Inpainting/DiffVax,crop_random@0.75,crop_random,0.75,3.7533,0.2823,0.1147
./robustness_results/SD_Inpainting/DiffVax,crop_random@0.5,crop_random,0.5,4.5633,0.2323,0.0821
./robustness_results/SD_Inpainting/DiffVax,blur@0.5,blur,0.5,4.4667,0.4270,0.1172
./robustness_results/SD_Inpainting/DiffVax,blur@1.0,blur,1.0,4.2867,0.4166,0.1368
./robustness_results/SD_Inpainting/DiffVax,blur@2.0,blur,2.0,4.2400,0.3964,0.1405
./robustness_results/SD_Inpainting/DiffVax,blur@4.0,blur,4.0,2.7033,0.3582,0.1400
./robustness_results/SD_Img2Img/DiffVax,clean@None,clean,None,1.3267,0.7804,0.6575
./robustness_results/SD_Img2Img/DiffVax,jpeg@85,jpeg,85,1.3200,0.7604,0.6070
./robustness_results/SD_Img2Img/DiffVax,jpeg@60,jpeg,60,1.4100,0.7105,0.5487
./robustness_results/SD_Img2Img/DiffVax,jpeg@50,jpeg,50,1.5367,0.7255,0.5293
./robustness_results/SD_Img2Img/DiffVax,crop_center@0.9,crop_center,0.9,2.8033,0.5574,0.3188
./robustness_results/SD_Img2Img/DiffVax,crop_center@0.75,crop_center,0.75,2.6500,0.4770,0.2467
./robustness_results/SD_Img2Img/DiffVax,crop_center@0.5,crop_center,0.5,3.3933,0.3418,0.1585
./robustness_results/SD_Img2Img/DiffVax,crop_random@0.9,crop_random,0.9,3.1067,0.5164,0.2983
./robustness_results/SD_Img2Img/DiffVax,crop_random@0.75,crop_random,0.75,2.6633,0.3831,0.1845
./robustness_results/SD_Img2Img/DiffVax,crop_random@0.5,crop_random,0.5,3.3867,0.3058,0.1360
./robustness_results/SD_Img2Img/DiffVax,blur@0.5,blur,0.5,1.2967,0.7911,0.6547
./robustness_results/SD_Img2Img/DiffVax,blur@1.0,blur,1.0,1.9833,0.7059,0.5011
./robustness_results/SD_Img2Img/DiffVax,blur@2.0,blur,2.0,2.8667,0.6246,0.3745
./robustness_results/SD_Img2Img/DiffVax,blur@4.0,blur,4.0,4.2633,0.6016,0.3148
./robustness_results/InstructPix2Pix/MagicBrush_gray_FT,clean@None,clean,None,4.5167,0.4911,0.1886
./robustness_results/InstructPix2Pix/MagicBrush_gray_FT,jpeg@85,jpeg,85,4.1200,0.5294,0.2615
./robustness_results/InstructPix2Pix/MagicBrush_gray_FT,jpeg@60,jpeg,60,4.5967,0.5802,0.3298
./robustness_results/InstructPix2Pix/MagicBrush_gray_FT,jpeg@50,jpeg,50,4.7800,0.5899,0.3255
./robustness_results/InstructPix2Pix/MagicBrush_gray_FT,crop_center@0.9,crop_center,0.9,5.7200,0.4624,0.1924
./robustness_results/InstructPix2Pix/MagicBrush_gray_FT,crop_center@0.75,crop_center,0.75,5.7033,0.3810,0.1430
./robustness_results/InstructPix2Pix/MagicBrush_gray_FT,crop_center@0.5,crop_center,0.5,5.9633,0.3288,0.1337
./robustness_results/InstructPix2Pix/MagicBrush_gray_FT,crop_random@0.9,crop_random,0.9,5.9067,0.4371,0.1679
./robustness_results/InstructPix2Pix/MagicBrush_gray_FT,crop_random@0.75,crop_random,0.75,5.3367,0.4028,0.1570
./robustness_results/InstructPix2Pix/MagicBrush_gray_FT,crop_random@0.5,crop_random,0.5,6.1167,0.2609,0.0785
./robustness_results/InstructPix2Pix/MagicBrush_gray_FT,blur@0.5,blur,0.5,3.9633,0.4935,0.2087
./robustness_results/InstructPix2Pix/MagicBrush_gray_FT,blur@1.0,blur,1.0,3.5733,0.5004,0.2838
./robustness_results/InstructPix2Pix/MagicBrush_gray_FT,blur@2.0,blur,2.0,3.5833,0.5422,0.2919
./robustness_results/InstructPix2Pix/MagicBrush_gray_FT,blur@4.0,blur,4.0,3.7267,0.5254,0.2489
./robustness_results/SD_Inpainting/MagicBrush_gray_FT,clean@None,clean,None,5.4467,0.5467,0.2526
./robustness_results/SD_Inpainting/MagicBrush_gray_FT,jpeg@85,jpeg,85,4.8100,0.5697,0.3233
./robustness_results/SD_Inpainting/MagicBrush_gray_FT,jpeg@60,jpeg,60,4.4800,0.6468,0.3893
./robustness_results/SD_Inpainting/MagicBrush_gray_FT,jpeg@50,jpeg,50,4.3267,0.5937,0.3747
./robustness_results/SD_Inpainting/MagicBrush_gray_FT,crop_center@0.9,crop_center,0.9,5.2733,0.5675,0.2823
./robustness_results/SD_Inpainting/MagicBrush_gray_FT,crop_center@0.75,crop_center,0.75,6.8133,0.4270,0.1963
./robustness_results/SD_Inpainting/MagicBrush_gray_FT,crop_center@0.5,crop_center,0.5,7.0000,0.3147,0.1071
./robustness_results/SD_Inpainting/MagicBrush_gray_FT,crop_random@0.9,crop_random,0.9,6.1600,0.5095,0.2492
./robustness_results/SD_Inpainting/MagicBrush_gray_FT,crop_random@0.75,crop_random,0.75,6.3833,0.4017,0.1589
./robustness_results/SD_Inpainting/MagicBrush_gray_FT,crop_random@0.5,crop_random,0.5,7.0000,0.2825,0.0930
./robustness_results/SD_Inpainting/MagicBrush_gray_FT,blur@0.5,blur,0.5,4.5633,0.5580,0.3237
./robustness_results/SD_Inpainting/MagicBrush_gray_FT,blur@1.0,blur,1.0,2.8067,0.6672,0.4285
./robustness_results/SD_Inpainting/MagicBrush_gray_FT,blur@2.0,blur,2.0,3.4200,0.6418,0.4086
./robustness_results/SD_Inpainting/MagicBrush_gray_FT,blur@4.0,blur,4.0,3.5700,0.5670,0.3244
./robustness_results/SD_Img2Img/MagicBrush_gray_FT,clean@None,clean,None,6.8067,0.3283,0.0885
./robustness_results/SD_Img2Img/MagicBrush_gray_FT,jpeg@85,jpeg,85,6.2133,0.3370,0.1284
./robustness_results/SD_Img2Img/MagicBrush_gray_FT,jpeg@60,jpeg,60,5.6033,0.4824,0.1896
./robustness_results/SD_Img2Img/MagicBrush_gray_FT,jpeg@50,jpeg,50,5.9833,0.4592,0.2028
./robustness_results/SD_Img2Img/MagicBrush_gray_FT,crop_center@0.9,crop_center,0.9,6.3133,0.3537,0.1056
./robustness_results/SD_Img2Img/MagicBrush_gray_FT,crop_center@0.75,crop_center,0.75,7.0000,0.3821,0.0860
./robustness_results/SD_Img2Img/MagicBrush_gray_FT,crop_center@0.5,crop_center,0.5,6.7800,0.3044,0.0747
./robustness_results/SD_Img2Img/MagicBrush_gray_FT,crop_random@0.9,crop_random,0.9,6.7133,0.3323,0.1071
./robustness_results/SD_Img2Img/MagicBrush_gray_FT,crop_random@0.75,crop_random,0.75,6.8800,0.2978,0.0748
./robustness_results/SD_Img2Img/MagicBrush_gray_FT,crop_random@0.5,crop_random,0.5,6.8000,0.2099,0.0437
./robustness_results/SD_Img2Img/MagicBrush_gray_FT,blur@0.5,blur,0.5,6.8133,0.4188,0.1039
./robustness_results/SD_Img2Img/MagicBrush_gray_FT,blur@1.0,blur,1.0,4.3433,0.4671,0.2188
./robustness_results/SD_Img2Img/MagicBrush_gray_FT,blur@2.0,blur,2.0,3.6933,0.5287,0.2649
./robustness_results/SD_Img2Img/MagicBrush_gray_FT,blur@4.0,blur,4.0,5.0567,0.5010,0.2192
./robustness_results/InstructPix2Pix/MagicBrush_photoguard,clean@None,clean,None,2.0367,0.4926,0.2762
./robustness_results/InstructPix2Pix/MagicBrush_photoguard,jpeg@85,jpeg,85,2.0367,0.6354,0.4531
./robustness_results/InstructPix2Pix/MagicBrush_photoguard,jpeg@60,jpeg,60,2.2567,0.6622,0.4946
./robustness_results/InstructPix2Pix/MagicBrush_photoguard,jpeg@50,jpeg,50,2.0300,0.6662,0.5019
./robustness_results/InstructPix2Pix/MagicBrush_photoguard,crop_center@0.9,crop_center,0.9,3.1900,0.5794,0.3648
./robustness_results/InstructPix2Pix/MagicBrush_photoguard,crop_center@0.75,crop_center,0.75,2.5300,0.4745,0.2985
./robustness_results/InstructPix2Pix/MagicBrush_photoguard,crop_center@0.5,crop_center,0.5,4.9833,0.3398,0.1652
./robustness_results/InstructPix2Pix/MagicBrush_photoguard,crop_random@0.9,crop_random,0.9,2.7800,0.5077,0.3254
./robustness_results/InstructPix2Pix/MagicBrush_photoguard,crop_random@0.75,crop_random,0.75,3.0533,0.3988,0.2214
./robustness_results/InstructPix2Pix/MagicBrush_photoguard,crop_random@0.5,crop_random,0.5,5.4400,0.3037,0.1683
./robustness_results/InstructPix2Pix/MagicBrush_photoguard,blur@0.5,blur,0.5,2.2433,0.5447,0.3416
./robustness_results/InstructPix2Pix/MagicBrush_photoguard,blur@1.0,blur,1.0,2.3233,0.6155,0.4224
./robustness_results/InstructPix2Pix/MagicBrush_photoguard,blur@2.0,blur,2.0,2.9633,0.5931,0.2959
./robustness_results/InstructPix2Pix/MagicBrush_photoguard,blur@4.0,blur,4.0,3.1533,0.4983,0.2246
./robustness_results/SD_Inpainting/MagicBrush_photoguard,clean@None,clean,None,3.7600,0.6593,0.4141
./robustness_results/SD_Inpainting/MagicBrush_photoguard,jpeg@85,jpeg,85,1.9633,0.7014,0.5181
./robustness_results/SD_Inpainting/MagicBrush_photoguard,jpeg@60,jpeg,60,1.9300,0.7016,0.5245
./robustness_results/SD_Inpainting/MagicBrush_photoguard,jpeg@50,jpeg,50,1.9800,0.7204,0.5467
./robustness_results/SD_Inpainting/MagicBrush_photoguard,crop_center@0.9,crop_center,0.9,2.4700,0.5954,0.3838
./robustness_results/SD_Inpainting/MagicBrush_photoguard,crop_center@0.75,crop_center,0.75,3.2300,0.4851,0.2759
./robustness_results/SD_Inpainting/MagicBrush_photoguard,crop_center@0.5,crop_center,0.5,3.9967,0.3467,0.1726
./robustness_results/SD_Inpainting/MagicBrush_photoguard,crop_random@0.9,crop_random,0.9,2.7267,0.5401,0.3649
./robustness_results/SD_Inpainting/MagicBrush_photoguard,crop_random@0.75,crop_random,0.75,3.1800,0.3986,0.2426
./robustness_results/SD_Inpainting/MagicBrush_photoguard,crop_random@0.5,crop_random,0.5,4.8233,0.2980,0.1529
./robustness_results/SD_Inpainting/MagicBrush_photoguard,blur@0.5,blur,0.5,2.3600,0.6868,0.4598
./robustness_results/SD_Inpainting/MagicBrush_photoguard,blur@1.0,blur,1.0,1.5133,0.7546,0.5649
./robustness_results/SD_Inpainting/MagicBrush_photoguard,blur@2.0,blur,2.0,2.0533,0.6919,0.5019
./robustness_results/SD_Inpainting/MagicBrush_photoguard,blur@4.0,blur,4.0,3.7333,0.5941,0.3525
./robustness_results/SD_Img2Img/MagicBrush_photoguard,clean@None,clean,None,6.3100,0.2717,0.0896
./robustness_results/SD_Img2Img/MagicBrush_photoguard,jpeg@85,jpeg,85,3.0267,0.5554,0.2601
./robustness_results/SD_Img2Img/MagicBrush_photoguard,jpeg@60,jpeg,60,2.8367,0.6801,0.3981
./robustness_results/SD_Img2Img/MagicBrush_photoguard,jpeg@50,jpeg,50,2.7067,0.6317,0.3383
./robustness_results/SD_Img2Img/MagicBrush_photoguard,crop_center@0.9,crop_center,0.9,5.9400,0.3877,0.1263
./robustness_results/SD_Img2Img/MagicBrush_photoguard,crop_center@0.75,crop_center,0.75,6.5167,0.3184,0.1130
./robustness_results/SD_Img2Img/MagicBrush_photoguard,crop_center@0.5,crop_center,0.5,5.6833,0.2878,0.0844
./robustness_results/SD_Img2Img/MagicBrush_photoguard,crop_random@0.9,crop_random,0.9,5.7733,0.3346,0.1233
./robustness_results/SD_Img2Img/MagicBrush_photoguard,crop_random@0.75,crop_random,0.75,5.8933,0.2959,0.1099
./robustness_results/SD_Img2Img/MagicBrush_photoguard,crop_random@0.5,crop_random,0.5,6.8433,0.2795,0.1030
./robustness_results/SD_Img2Img/MagicBrush_photoguard,blur@0.5,blur,0.5,6.5533,0.3543,0.1287
./robustness_results/SD_Img2Img/MagicBrush_photoguard,blur@1.0,blur,1.0,2.9767,0.6406,0.3710
./robustness_results/SD_Img2Img/MagicBrush_photoguard,blur@2.0,blur,2.0,3.1700,0.5989,0.3075
./robustness_results/SD_Img2Img/MagicBrush_photoguard,blur@4.0,blur,4.0,3.7733,0.5106,0.2342
./robustness_results/InstructPix2Pix/MagicBrush_gray_FT,clean@None,clean,None,4.5167,0.4911,0.1886
./robustness_results/InstructPix2Pix/MagicBrush_gray_FT,jpeg@85,jpeg,85,4.1200,0.5294,0.2615
./robustness_results/InstructPix2Pix/MagicBrush_gray_FT,jpeg@60,jpeg,60,4.5967,0.5802,0.3298
./robustness_results/InstructPix2Pix/MagicBrush_gray_FT,jpeg@50,jpeg,50,4.7800,0.5899,0.3255
./robustness_results/InstructPix2Pix/MagicBrush_gray_FT,crop_center@0.9,crop_center,0.9,5.7200,0.4624,0.1924
./robustness_results/InstructPix2Pix/MagicBrush_gray_FT,crop_center@0.75,crop_center,0.75,5.7033,0.3810,0.1430
./robustness_results/InstructPix2Pix/MagicBrush_gray_FT,crop_center@0.5,crop_center,0.5,5.9633,0.3288,0.1337
./robustness_results/InstructPix2Pix/MagicBrush_gray_FT,crop_random@0.9,crop_random,0.9,5.9067,0.4371,0.1679
./robustness_results/InstructPix2Pix/MagicBrush_gray_FT,crop_random@0.75,crop_random,0.75,5.3367,0.4028,0.1570
./robustness_results/InstructPix2Pix/MagicBrush_gray_FT,crop_random@0.5,crop_random,0.5,6.1167,0.2609,0.0785
./robustness_results/InstructPix2Pix/MagicBrush_gray_FT,blur@0.5,blur,0.5,3.9633,0.4935,0.2087
./robustness_results/InstructPix2Pix/MagicBrush_gray_FT,blur@1.0,blur,1.0,3.5733,0.5004,0.2838
./robustness_results/InstructPix2Pix/MagicBrush_gray_FT,blur@2.0,blur,2.0,3.5833,0.5422,0.2919
./robustness_results/InstructPix2Pix/MagicBrush_gray_FT,blur@4.0,blur,4.0,3.7267,0.5254,0.2489
./robustness_results/SD_Inpainting/MagicBrush_gray_FT,clean@None,clean,None,5.4467,0.5467,0.2526
./robustness_results/SD_Inpainting/MagicBrush_gray_FT,jpeg@85,jpeg,85,4.8100,0.5697,0.3233
./robustness_results/SD_Inpainting/MagicBrush_gray_FT,jpeg@60,jpeg,60,4.4800,0.6468,0.3893
./robustness_results/SD_Inpainting/MagicBrush_gray_FT,jpeg@50,jpeg,50,4.3267,0.5937,0.3747
./robustness_results/SD_Inpainting/MagicBrush_gray_FT,crop_center@0.9,crop_center,0.9,5.2733,0.5675,0.2823
./robustness_results/SD_Inpainting/MagicBrush_gray_FT,crop_center@0.75,crop_center,0.75,6.8133,0.4270,0.1963
./robustness_results/SD_Inpainting/MagicBrush_gray_FT,crop_center@0.5,crop_center,0.5,7.0000,0.3147,0.1071
./robustness_results/SD_Inpainting/MagicBrush_gray_FT,crop_random@0.9,crop_random,0.9,6.1600,0.5095,0.2492
./robustness_results/SD_Inpainting/MagicBrush_gray_FT,crop_random@0.75,crop_random,0.75,6.3833,0.4017,0.1589
./robustness_results/SD_Inpainting/MagicBrush_gray_FT,crop_random@0.5,crop_random,0.5,7.0000,0.2825,0.0930
./robustness_results/SD_Inpainting/MagicBrush_gray_FT,blur@0.5,blur,0.5,4.5633,0.5580,0.3237
./robustness_results/SD_Inpainting/MagicBrush_gray_FT,blur@1.0,blur,1.0,2.8067,0.6672,0.4285
./robustness_results/SD_Inpainting/MagicBrush_gray_FT,blur@2.0,blur,2.0,3.4200,0.6418,0.4086
./robustness_results/SD_Inpainting/MagicBrush_gray_FT,blur@4.0,blur,4.0,3.5700,0.5670,0.3244
./robustness_results/SD_Img2Img/MagicBrush_gray_FT,clean@None,clean,None,6.8067,0.3283,0.0885
./robustness_results/SD_Img2Img/MagicBrush_gray_FT,jpeg@85,jpeg,85,6.2133,0.3370,0.1284
./robustness_results/SD_Img2Img/MagicBrush_gray_FT,jpeg@60,jpeg,60,5.6033,0.4824,0.1896
./robustness_results/SD_Img2Img/MagicBrush_gray_FT,jpeg@50,jpeg,50,5.9833,0.4592,0.2028
./robustness_results/SD_Img2Img/MagicBrush_gray_FT,crop_center@0.9,crop_center,0.9,6.3133,0.3537,0.1056
./robustness_results/SD_Img2Img/MagicBrush_gray_FT,crop_center@0.75,crop_center,0.75,7.0000,0.3821,0.0860
./robustness_results/SD_Img2Img/MagicBrush_gray_FT,crop_center@0.5,crop_center,0.5,6.7800,0.3044,0.0747
./robustness_results/SD_Img2Img/MagicBrush_gray_FT,crop_random@0.9,crop_random,0.9,6.7133,0.3323,0.1071
./robustness_results/SD_Img2Img/MagicBrush_gray_FT,crop_random@0.75,crop_random,0.75,6.8800,0.2978,0.0748
./robustness_results/SD_Img2Img/MagicBrush_gray_FT,crop_random@0.5,crop_random,0.5,6.8000,0.2099,0.0437
./robustness_results/SD_Img2Img/MagicBrush_gray_FT,blur@0.5,blur,0.5,6.8133,0.4188,0.1039
./robustness_results/SD_Img2Img/MagicBrush_gray_FT,blur@1.0,blur,1.0,4.3433,0.4671,0.2188
./robustness_results/SD_Img2Img/MagicBrush_gray_FT,blur@2.0,blur,2.0,3.6933,0.5287,0.2649
./robustness_results/SD_Img2Img/MagicBrush_gray_FT,blur@4.0,blur,4.0,5.0567,0.5010,0.2192
./robustness_results/InstructPix2Pix/MagicBrush_target_opt,clean@None,clean,None,4.3100,0.4993,0.2035
./robustness_results/InstructPix2Pix/MagicBrush_target_opt,jpeg@85,jpeg,85,3.5567,0.5813,0.3103
./robustness_results/InstructPix2Pix/MagicBrush_target_opt,jpeg@60,jpeg,60,4.2567,0.6055,0.3632
./robustness_results/InstructPix2Pix/MagicBrush_target_opt,jpeg@50,jpeg,50,4.5633,0.5505,0.3145
./robustness_results/InstructPix2Pix/MagicBrush_target_opt,crop_center@0.9,crop_center,0.9,4.8367,0.4833,0.2310
./robustness_results/InstructPix2Pix/MagicBrush_target_opt,crop_center@0.75,crop_center,0.75,4.8800,0.4119,0.1845
./robustness_results/InstructPix2Pix/MagicBrush_target_opt,crop_center@0.5,crop_center,0.5,5.6567,0.3341,0.1184
./robustness_results/InstructPix2Pix/MagicBrush_target_opt,crop_random@0.9,crop_random,0.9,5.2800,0.4717,0.2260
./robustness_results/InstructPix2Pix/MagicBrush_target_opt,crop_random@0.75,crop_random,0.75,5.4567,0.3654,0.1706
./robustness_results/InstructPix2Pix/MagicBrush_target_opt,crop_random@0.5,crop_random,0.5,5.7900,0.2678,0.0974
./robustness_results/InstructPix2Pix/MagicBrush_target_opt,blur@0.5,blur,0.5,4.0200,0.5527,0.2845
./robustness_results/InstructPix2Pix/MagicBrush_target_opt,blur@1.0,blur,1.0,3.1900,0.5777,0.3571
./robustness_results/InstructPix2Pix/MagicBrush_target_opt,blur@2.0,blur,2.0,3.6633,0.5421,0.2858
./robustness_results/InstructPix2Pix/MagicBrush_target_opt,blur@4.0,blur,4.0,3.9300,0.5180,0.2600
./robustness_results/SD_Inpainting/MagicBrush_target_opt,clean@None,clean,None,5.6767,0.5274,0.2453
./robustness_results/SD_Inpainting/MagicBrush_target_opt,jpeg@85,jpeg,85,5.2633,0.6064,0.3403
./robustness_results/SD_Inpainting/MagicBrush_target_opt,jpeg@60,jpeg,60,4.2700,0.6149,0.3864
./robustness_results/SD_Inpainting/MagicBrush_target_opt,jpeg@50,jpeg,50,3.4733,0.6208,0.3991
./robustness_results/SD_Inpainting/MagicBrush_target_opt,crop_center@0.9,crop_center,0.9,5.5067,0.5242,0.2751
./robustness_results/SD_Inpainting/MagicBrush_target_opt,crop_center@0.75,crop_center,0.75,6.5900,0.4250,0.2022
./robustness_results/SD_Inpainting/MagicBrush_target_opt,crop_center@0.5,crop_center,0.5,7.0000,0.3156,0.1141
./robustness_results/SD_Inpainting/MagicBrush_target_opt,crop_random@0.9,crop_random,0.9,5.5067,0.4886,0.2406
./robustness_results/SD_Inpainting/MagicBrush_target_opt,crop_random@0.75,crop_random,0.75,6.1700,0.4057,0.1645
./robustness_results/SD_Inpainting/MagicBrush_target_opt,crop_random@0.5,crop_random,0.5,7.0000,0.2310,0.0850
./robustness_results/SD_Inpainting/MagicBrush_target_opt,blur@0.5,blur,0.5,4.5433,0.5910,0.3451
./robustness_results/SD_Inpainting/MagicBrush_target_opt,blur@1.0,blur,1.0,3.3367,0.6700,0.4274
./robustness_results/SD_Inpainting/MagicBrush_target_opt,blur@2.0,blur,2.0,3.6133,0.6079,0.3915
./robustness_results/SD_Inpainting/MagicBrush_target_opt,blur@4.0,blur,4.0,4.2233,0.5409,0.3120
./robustness_results/SD_Img2Img/MagicBrush_target_opt,clean@None,clean,None,6.4300,0.3136,0.0780
./robustness_results/SD_Img2Img/MagicBrush_target_opt,jpeg@85,jpeg,85,5.7200,0.3658,0.1268
./robustness_results/SD_Img2Img/MagicBrush_target_opt,jpeg@60,jpeg,60,5.0333,0.4903,0.1960
./robustness_results/SD_Img2Img/MagicBrush_target_opt,jpeg@50,jpeg,50,5.5333,0.4606,0.1936
./robustness_results/SD_Img2Img/MagicBrush_target_opt,crop_center@0.9,crop_center,0.9,6.2700,0.3669,0.1166
./robustness_results/SD_Img2Img/MagicBrush_target_opt,crop_center@0.75,crop_center,0.75,6.9400,0.3351,0.0931
./robustness_results/SD_Img2Img/MagicBrush_target_opt,crop_center@0.5,crop_center,0.5,6.6267,0.2502,0.0668
./robustness_results/SD_Img2Img/MagicBrush_target_opt,crop_random@0.9,crop_random,0.9,6.4833,0.3159,0.1060
./robustness_results/SD_Img2Img/MagicBrush_target_opt,crop_random@0.75,crop_random,0.75,6.8000,0.2767,0.0701
./robustness_results/SD_Img2Img/MagicBrush_target_opt,crop_random@0.5,crop_random,0.5,6.8400,0.1490,0.0386
./robustness_results/SD_Img2Img/MagicBrush_target_opt,blur@0.5,blur,0.5,6.5367,0.3558,0.0811
./robustness_results/SD_Img2Img/MagicBrush_target_opt,blur@1.0,blur,1.0,4.0600,0.5157,0.2511
./robustness_results/SD_Img2Img/MagicBrush_target_opt,blur@2.0,blur,2.0,3.5967,0.5653,0.2615
./robustness_results/SD_Img2Img/MagicBrush_target_opt,blur@4.0,blur,4.0,4.9733,0.5333,0.2123
./robustness_results/InstructPix2Pix/PhotoGuard,clean@None,clean,None,5.4200,0.4665,0.2214
./robustness_results/InstructPix2Pix/PhotoGuard,jpeg@85,jpeg,85,2.5867,0.6367,0.4362
./robustness_results/InstructPix2Pix/PhotoGuard,jpeg@60,jpeg,60,2.0067,0.6634,0.5240
./robustness_results/InstructPix2Pix/PhotoGuard,jpeg@50,jpeg,50,1.8900,0.6758,0.5200
./robustness_results/InstructPix2Pix/PhotoGuard,crop_center@0.9,crop_center,0.9,5.6967,0.5418,0.2733
./robustness_results/InstructPix2Pix/PhotoGuard,crop_center@0.75,crop_center,0.75,5.7500,0.4148,0.1931
./robustness_results/InstructPix2Pix/PhotoGuard,crop_center@0.5,crop_center,0.5,6.8100,0.3093,0.0865
./robustness_results/InstructPix2Pix/PhotoGuard,crop_random@0.9,crop_random,0.9,5.0367,0.5019,0.2783
./robustness_results/InstructPix2Pix/PhotoGuard,crop_random@0.75,crop_random,0.75,6.1133,0.3833,0.1714
./robustness_results/InstructPix2Pix/PhotoGuard,crop_random@0.5,crop_random,0.5,6.5933,0.2623,0.0818
./robustness_results/InstructPix2Pix/PhotoGuard,blur@0.5,blur,0.5,2.4033,0.5795,0.3259
./robustness_results/InstructPix2Pix/PhotoGuard,blur@1.0,blur,1.0,1.7000,0.7101,0.4863
./robustness_results/InstructPix2Pix/PhotoGuard,blur@2.0,blur,2.0,2.1967,0.6850,0.4736
./robustness_results/InstructPix2Pix/PhotoGuard,blur@4.0,blur,4.0,3.2533,0.6497,0.3796
./robustness_results/SD_Inpainting/PhotoGuard,clean@None,clean,None,3.4100,0.3884,0.1850
./robustness_results/SD_Inpainting/PhotoGuard,jpeg@85,jpeg,85,2.3967,0.4341,0.2215
./robustness_results/SD_Inpainting/PhotoGuard,jpeg@60,jpeg,60,2.3933,0.4461,0.2463
./robustness_results/SD_Inpainting/PhotoGuard,jpeg@50,jpeg,50,2.3467,0.4706,0.2486
./robustness_results/SD_Inpainting/PhotoGuard,crop_center@0.9,crop_center,0.9,2.7133,0.3851,0.2053
./robustness_results/SD_Inpainting/PhotoGuard,crop_center@0.75,crop_center,0.75,4.1300,0.3760,0.1592
./robustness_results/SD_Inpainting/PhotoGuard,crop_center@0.5,crop_center,0.5,5.3767,0.2845,0.1122
./robustness_results/SD_Inpainting/PhotoGuard,crop_random@0.9,crop_random,0.9,3.6700,0.3347,0.1354
./robustness_results/SD_Inpainting/PhotoGuard,crop_random@0.75,crop_random,0.75,4.2167,0.3301,0.1360
./robustness_results/SD_Inpainting/PhotoGuard,crop_random@0.5,crop_random,0.5,6.1533,0.2786,0.1000
./robustness_results/SD_Inpainting/PhotoGuard,blur@0.5,blur,0.5,3.0233,0.4207,0.1976
./robustness_results/SD_Inpainting/PhotoGuard,blur@1.0,blur,1.0,2.4167,0.4470,0.2035
./robustness_results/SD_Inpainting/PhotoGuard,blur@2.0,blur,2.0,3.2167,0.3729,0.1682
./robustness_results/SD_Inpainting/PhotoGuard,blur@4.0,blur,4.0,2.4233,0.3991,0.1488
./robustness_results/SD_Img2Img/PhotoGuard,clean@None,clean,None,7.0000,0.2927,0.0643
./robustness_results/SD_Img2Img/PhotoGuard,jpeg@85,jpeg,85,5.7000,0.4223,0.1413
./robustness_results/SD_Img2Img/PhotoGuard,jpeg@60,jpeg,60,4.9100,0.5324,0.2778
./robustness_results/SD_Img2Img/PhotoGuard,jpeg@50,jpeg,50,4.3133,0.5373,0.3100
./robustness_results/SD_Img2Img/PhotoGuard,crop_center@0.9,crop_center,0.9,6.8100,0.3995,0.0647
./robustness_results/SD_Img2Img/PhotoGuard,crop_center@0.75,crop_center,0.75,7.0000,0.4204,0.0653
./robustness_results/SD_Img2Img/PhotoGuard,crop_center@0.5,crop_center,0.5,7.0000,0.3629,0.0527
./robustness_results/SD_Img2Img/PhotoGuard,crop_random@0.9,crop_random,0.9,6.4667,0.3604,0.0667
./robustness_results/SD_Img2Img/PhotoGuard,crop_random@0.75,crop_random,0.75,6.8033,0.2874,0.0497
./robustness_results/SD_Img2Img/PhotoGuard,crop_random@0.5,crop_random,0.5,6.8600,0.2544,0.0396
./robustness_results/SD_Img2Img/PhotoGuard,blur@0.5,blur,0.5,7.0000,0.3362,0.0684
./robustness_results/SD_Img2Img/PhotoGuard,blur@1.0,blur,1.0,4.2367,0.5593,0.3019
./robustness_results/SD_Img2Img/PhotoGuard,blur@2.0,blur,2.0,4.2933,0.5987,0.3267
./robustness_results/SD_Img2Img/PhotoGuard,blur@4.0,blur,4.0,4.4233,0.5755,0.2890
./robustness_results/SD_Inpainting/VAE_MSE_FT_2_STAGE,clean@None,clean,None,5.7208,0.3980,0.1675
./robustness_results/SD_Inpainting/VAE_MSE_FT_2_STAGE,jpeg@85,jpeg,85,4.7200,0.4133,0.1880
./robustness_results/SD_Inpainting/VAE_MSE_FT_2_STAGE,jpeg@60,jpeg,60,3.9033,0.4391,0.2135
./robustness_results/SD_Inpainting/VAE_MSE_FT_2_STAGE,jpeg@50,jpeg,50,3.6608,0.4351,0.2112
./robustness_results/SD_Inpainting/VAE_MSE_FT_2_STAGE,crop_center@0.9,crop_center,0.9,5.7192,0.3703,0.1708
./robustness_results/SD_Inpainting/VAE_MSE_FT_2_STAGE,crop_center@0.75,crop_center,0.75,6.4158,0.3346,0.1441
./robustness_results/SD_Inpainting/VAE_MSE_FT_2_STAGE,crop_center@0.5,crop_center,0.5,6.5287,0.2693,0.1028
./robustness_results/SD_Inpainting/VAE_MSE_FT_2_STAGE,crop_random@0.9,crop_random,0.9,5.7417,0.3619,0.1564
./robustness_results/SD_Inpainting/VAE_MSE_FT_2_STAGE,crop_random@0.75,crop_random,0.75,6.3700,0.2837,0.1090
./robustness_results/SD_Inpainting/VAE_MSE_FT_2_STAGE,crop_random@0.5,crop_random,0.5,6.4387,0.2410,0.0761
./robustness_results/SD_Inpainting/VAE_MSE_FT_2_STAGE,blur@0.5,blur,0.5,3.8658,0.4131,0.1846
./robustness_results/SD_Inpainting/VAE_MSE_FT_2_STAGE,blur@1.0,blur,1.0,2.9871,0.4234,0.1933
./robustness_results/SD_Inpainting/VAE_MSE_FT_2_STAGE,blur@2.0,blur,2.0,3.2742,0.3945,0.1672
./robustness_results/SD_Inpainting/VAE_MSE_FT_2_STAGE,blur@4.0,blur,4.0,3.1108,0.3826,0.1632
./robustness_results/SD_Img2Img/VAE_MSE_FT_2_STAGE,clean@None,clean,None,5.5113,0.4829,0.2327
./robustness_results/SD_Img2Img/VAE_MSE_FT_2_STAGE,jpeg@85,jpeg,85,3.5958,0.5859,0.3574
./robustness_results/SD_Img2Img/VAE_MSE_FT_2_STAGE,jpeg@60,jpeg,60,3.2071,0.6214,0.4042
./robustness_results/SD_Img2Img/VAE_MSE_FT_2_STAGE,jpeg@50,jpeg,50,3.2396,0.6407,0.4089
./robustness_results/SD_Img2Img/VAE_MSE_FT_2_STAGE,crop_center@0.9,crop_center,0.9,4.8096,0.4908,0.2337
./robustness_results/SD_Img2Img/VAE_MSE_FT_2_STAGE,crop_center@0.75,crop_center,0.75,5.4629,0.4176,0.1756
./robustness_results/SD_Img2Img/VAE_MSE_FT_2_STAGE,crop_center@0.5,crop_center,0.5,5.9900,0.2933,0.1133
./robustness_results/SD_Img2Img/VAE_MSE_FT_2_STAGE,crop_random@0.9,crop_random,0.9,4.6571,0.4643,0.2163
./robustness_results/SD_Img2Img/VAE_MSE_FT_2_STAGE,crop_random@0.75,crop_random,0.75,5.3792,0.3722,0.1599
./robustness_results/SD_Img2Img/VAE_MSE_FT_2_STAGE,crop_random@0.5,crop_random,0.5,5.9046,0.2836,0.1103
./robustness_results/SD_Img2Img/VAE_MSE_FT_2_STAGE,blur@0.5,blur,0.5,5.1125,0.5335,0.2769
./robustness_results/SD_Img2Img/VAE_MSE_FT_2_STAGE,blur@1.0,blur,1.0,3.5804,0.6140,0.3761
./robustness_results/SD_Img2Img/VAE_MSE_FT_2_STAGE,blur@2.0,blur,2.0,4.3771,0.5541,0.3235
./robustness_results/SD_Img2Img/VAE_MSE_FT_2_STAGE,blur@4.0,blur,4.0,4.9254,0.5384,0.2763
./robustness_results/InstructPix2Pix/VAE_MSE_TARGET_OPT,clean@None,clean,None,4.8500,0.7361,0.5864
./robustness_results/InstructPix2Pix/VAE_MSE_TARGET_OPT,jpeg@85,jpeg,85,4.6467,0.7668,0.6425
./robustness_results/InstructPix2Pix/VAE_MSE_TARGET_OPT,jpeg@60,jpeg,60,3.4267,0.7555,0.5983
./robustness_results/InstructPix2Pix/VAE_MSE_TARGET_OPT,jpeg@50,jpeg,50,3.4200,0.7603,0.5578
./robustness_results/InstructPix2Pix/VAE_MSE_TARGET_OPT,crop_center@0.9,crop_center,0.9,4.7667,0.5770,0.4284
./robustness_results/InstructPix2Pix/VAE_MSE_TARGET_OPT,crop_center@0.75,crop_center,0.75,5.7200,0.4200,0.2949
./robustness_results/InstructPix2Pix/VAE_MSE_TARGET_OPT,crop_center@0.5,crop_center,0.5,6.3900,0.2992,0.1756
./robustness_results/InstructPix2Pix/VAE_MSE_TARGET_OPT,crop_random@0.9,crop_random,0.9,4.4200,0.5417,0.3804
./robustness_results/InstructPix2Pix/VAE_MSE_TARGET_OPT,crop_random@0.75,crop_random,0.75,5.5633,0.3901,0.2644
./robustness_results/InstructPix2Pix/VAE_MSE_TARGET_OPT,crop_random@0.5,crop_random,0.5,5.7833,0.2735,0.1489
./robustness_results/InstructPix2Pix/VAE_MSE_TARGET_OPT,blur@0.5,blur,0.5,4.2600,0.7590,0.6180
./robustness_results/InstructPix2Pix/VAE_MSE_TARGET_OPT,blur@1.0,blur,1.0,2.1600,0.7910,0.6065
./robustness_results/InstructPix2Pix/VAE_MSE_TARGET_OPT,blur@2.0,blur,2.0,2.4200,0.6906,0.4990
./robustness_results/InstructPix2Pix/VAE_MSE_TARGET_OPT,blur@4.0,blur,4.0,2.7700,0.6500,0.4140
./robustness_results/SD_Inpainting/VAE_MSE_TARGET_OPT,clean@None,clean,None,4.7900,0.4000,0.1416
./robustness_results/SD_Inpainting/VAE_MSE_TARGET_OPT,jpeg@85,jpeg,85,4.4767,0.3930,0.1641
./robustness_results/SD_Inpainting/VAE_MSE_TARGET_OPT,jpeg@60,jpeg,60,4.3067,0.4286,0.1684
./robustness_results/SD_Inpainting/VAE_MSE_TARGET_OPT,jpeg@50,jpeg,50,4.5033,0.4273,0.1780
./robustness_results/SD_Inpainting/VAE_MSE_TARGET_OPT,crop_center@0.9,crop_center,0.9,6.2733,0.3999,0.1532
./robustness_results/SD_Inpainting/VAE_MSE_TARGET_OPT,crop_center@0.75,crop_center,0.75,6.4533,0.3518,0.1392
./robustness_results/SD_Inpainting/VAE_MSE_TARGET_OPT,crop_center@0.5,crop_center,0.5,6.4567,0.2809,0.1052
./robustness_results/SD_Inpainting/VAE_MSE_TARGET_OPT,crop_random@0.9,crop_random,0.9,6.4567,0.3487,0.1347
./robustness_results/SD_Inpainting/VAE_MSE_TARGET_OPT,crop_random@0.75,crop_random,0.75,6.7933,0.2937,0.1083
./robustness_results/SD_Inpainting/VAE_MSE_TARGET_OPT,crop_random@0.5,crop_random,0.5,6.1867,0.2489,0.0764
./robustness_results/SD_Inpainting/VAE_MSE_TARGET_OPT,blur@0.5,blur,0.5,3.9600,0.3838,0.1683
./robustness_results/SD_Inpainting/VAE_MSE_TARGET_OPT,blur@1.0,blur,1.0,3.5000,0.4466,0.1665
./robustness_results/SD_Inpainting/VAE_MSE_TARGET_OPT,blur@2.0,blur,2.0,3.6900,0.3912,0.1388
./robustness_results/SD_Inpainting/VAE_MSE_TARGET_OPT,blur@4.0,blur,4.0,2.8067,0.3874,0.1291
./robustness_results/SD_Img2Img/VAE_MSE_TARGET_OPT,clean@None,clean,None,5.4833,0.4343,0.1822
./robustness_results/SD_Img2Img/VAE_MSE_TARGET_OPT,jpeg@85,jpeg,85,3.9200,0.5808,0.3903
./robustness_results/SD_Img2Img/VAE_MSE_TARGET_OPT,jpeg@60,jpeg,60,3.2433,0.6525,0.4439
./robustness_results/SD_Img2Img/VAE_MSE_TARGET_OPT,jpeg@50,jpeg,50,2.8400,0.6424,0.4470
./robustness_results/SD_Img2Img/VAE_MSE_TARGET_OPT,crop_center@0.9,crop_center,0.9,4.9700,0.4551,0.2044
./robustness_results/SD_Img2Img/VAE_MSE_TARGET_OPT,crop_center@0.75,crop_center,0.75,5.4667,0.3637,0.1503
./robustness_results/SD_Img2Img/VAE_MSE_TARGET_OPT,crop_center@0.5,crop_center,0.5,5.4300,0.3033,0.1001
./robustness_results/SD_Img2Img/VAE_MSE_TARGET_OPT,crop_random@0.9,crop_random,0.9,4.6533,0.4320,0.1822
./robustness_results/SD_Img2Img/VAE_MSE_TARGET_OPT,crop_random@0.75,crop_random,0.75,5.6667,0.3832,0.1673
./robustness_results/SD_Img2Img/VAE_MSE_TARGET_OPT,crop_random@0.5,crop_random,0.5,5.9467,0.2745,0.1015
./robustness_results/SD_Img2Img/VAE_MSE_TARGET_OPT,blur@0.5,blur,0.5,5.4967,0.5099,0.2488
./robustness_results/SD_Img2Img/VAE_MSE_TARGET_OPT,blur@1.0,blur,1.0,3.4667,0.6468,0.4227
./robustness_results/SD_Img2Img/VAE_MSE_TARGET_OPT,blur@2.0,blur,2.0,4.0267,0.5735,0.3466
./robustness_results/SD_Img2Img/VAE_MSE_TARGET_OPT,blur@4.0,blur,4.0,5.3600,0.5472,0.2814
