Esperimento,Attacco,Tipo Attacco,Parametro,Variante,Punteggio Successo Attacco,IoU Ottimistico,IoU Pessimistico
./robustness_results/InstructPix2Pix/DiffVax,clean@None@immunized,clean,,immunized,1.5967,0.8084,0.7323
./robustness_results/InstructPix2Pix/DiffVax,clean@None@original,clean,,original,1.7900,0.8194,0.7512
./robustness_results/InstructPix2Pix/DiffVax,jpeg@85@immunized,jpeg,85,immunized,1.6300,0.8009,0.7014
./robustness_results/InstructPix2Pix/DiffVax,jpeg@85@original,jpeg,85,original,1.5000,0.8214,0.7134
./robustness_results/InstructPix2Pix/DiffVax,jpeg@60@immunized,jpeg,60,immunized,1.5700,0.7505,0.6344
./robustness_results/InstructPix2Pix/DiffVax,jpeg@60@original,jpeg,60,original,1.7800,0.7583,0.6309
./robustness_results/InstructPix2Pix/DiffVax,jpeg@30@immunized,jpeg,30,immunized,1.8167,0.7244,0.5438
./robustness_results/InstructPix2Pix/DiffVax,jpeg@30@original,jpeg,30,original,1.7000,0.7267,0.5537
./robustness_results/InstructPix2Pix/DiffVax,crop_center@0.9@immunized,crop_center,0.9,immunized,1.5100,0.5941,0.4503
./robustness_results/InstructPix2Pix/DiffVax,crop_center@0.9@original,crop_center,0.9,original,1.4833,0.5844,0.4522
./robustness_results/InstructPix2Pix/DiffVax,crop_center@0.75@immunized,crop_center,0.75,immunized,1.9133,0.4251,0.3011
./robustness_results/InstructPix2Pix/DiffVax,crop_center@0.75@original,crop_center,0.75,original,1.9233,0.4365,0.3054
./robustness_results/InstructPix2Pix/DiffVax,crop_center@0.5@immunized,crop_center,0.5,immunized,2.6267,0.2908,0.1765
./robustness_results/InstructPix2Pix/DiffVax,crop_center@0.5@original,crop_center,0.5,original,2.5800,0.2896,0.1763
./robustness_results/InstructPix2Pix/DiffVax,crop_random@0.9@immunized,crop_random,0.9,immunized,1.7833,0.5432,0.4285
./robustness_results/InstructPix2Pix/DiffVax,crop_random@0.9@original,crop_random,0.9,original,1.8967,0.5803,0.4506
./robustness_results/InstructPix2Pix/DiffVax,crop_random@0.75@immunized,crop_random,0.75,immunized,1.9333,0.3900,0.2863
./robustness_results/InstructPix2Pix/DiffVax,crop_random@0.75@original,crop_random,0.75,original,2.0333,0.4244,0.2993
./robustness_results/InstructPix2Pix/DiffVax,crop_random@0.5@immunized,crop_random,0.5,immunized,3.1200,0.2561,0.1567
./robustness_results/InstructPix2Pix/DiffVax,crop_random@0.5@original,crop_random,0.5,original,2.8400,0.2596,0.1447
./robustness_results/InstructPix2Pix/DiffVax,blur@0.5@immunized,blur,0.5,immunized,1.7733,0.8167,0.6992
./robustness_results/InstructPix2Pix/DiffVax,blur@0.5@original,blur,0.5,original,1.7400,0.8279,0.7386
./robustness_results/InstructPix2Pix/DiffVax,blur@1.0@immunized,blur,1.0,immunized,1.5733,0.7749,0.6211
./robustness_results/InstructPix2Pix/DiffVax,blur@1.0@original,blur,1.0,original,1.6600,0.7828,0.6143
./robustness_results/InstructPix2Pix/DiffVax,blur@2.0@immunized,blur,2.0,immunized,1.7600,0.7326,0.5336
./robustness_results/InstructPix2Pix/DiffVax,blur@2.0@original,blur,2.0,original,2.2067,0.7459,0.5255
./robustness_results/InstructPix2Pix/DiffVax,blur@4.0@immunized,blur,4.0,immunized,2.7400,0.6360,0.3971
./robustness_results/InstructPix2Pix/DiffVax,blur@4.0@original,blur,4.0,original,2.6067,0.6332,0.4003
./robustness_results/InstructPix2Pix/PhotoGuard,clean@None@immunized,clean,,immunized,5.6933,0.5124,0.2291
./robustness_results/InstructPix2Pix/PhotoGuard,clean@None@original,clean,,original,1.4167,0.8358,0.7452
./robustness_results/InstructPix2Pix/PhotoGuard,jpeg@85@immunized,jpeg,85,immunized,3.2100,0.6268,0.4353
./robustness_results/InstructPix2Pix/PhotoGuard,jpeg@85@original,jpeg,85,original,1.3367,0.8106,0.6841
./robustness_results/InstructPix2Pix/PhotoGuard,jpeg@60@immunized,jpeg,60,immunized,1.9233,0.6665,0.5049
./robustness_results/InstructPix2Pix/PhotoGuard,jpeg@60@original,jpeg,60,original,1.9067,0.7654,0.6278
./robustness_results/InstructPix2Pix/PhotoGuard,jpeg@30@immunized,jpeg,30,immunized,1.8800,0.6812,0.4979
./robustness_results/InstructPix2Pix/PhotoGuard,jpeg@30@original,jpeg,30,original,2.0100,0.7241,0.5539
./robustness_results/InstructPix2Pix/PhotoGuard,crop_center@0.9@immunized,crop_center,0.9,immunized,5.8967,0.5411,0.2830
./robustness_results/InstructPix2Pix/PhotoGuard,crop_center@0.9@original,crop_center,0.9,original,1.4067,0.5838,0.4566
./robustness_results/InstructPix2Pix/PhotoGuard,crop_center@0.75@immunized,crop_center,0.75,immunized,5.9200,0.4065,0.1822
./robustness_results/InstructPix2Pix/PhotoGuard,crop_center@0.75@original,crop_center,0.75,original,1.7833,0.4336,0.3150
./robustness_results/InstructPix2Pix/PhotoGuard,crop_center@0.5@immunized,crop_center,0.5,immunized,6.5400,0.2933,0.0854
./robustness_results/InstructPix2Pix/PhotoGuard,crop_center@0.5@original,crop_center,0.5,original,2.6667,0.2882,0.1696
./robustness_results/InstructPix2Pix/PhotoGuard,crop_random@0.9@immunized,crop_random,0.9,immunized,5.1067,0.4765,0.2461
./robustness_results/InstructPix2Pix/PhotoGuard,crop_random@0.9@original,crop_random,0.9,original,1.6700,0.5697,0.4341
./robustness_results/InstructPix2Pix/PhotoGuard,crop_random@0.75@immunized,crop_random,0.75,immunized,6.0767,0.3474,0.1703
./robustness_results/InstructPix2Pix/PhotoGuard,crop_random@0.75@original,crop_random,0.75,original,2.1033,0.4248,0.2997
./robustness_results/InstructPix2Pix/PhotoGuard,crop_random@0.5@immunized,crop_random,0.5,immunized,6.8000,0.2480,0.0672
./robustness_results/InstructPix2Pix/PhotoGuard,crop_random@0.5@original,crop_random,0.5,original,2.8533,0.2683,0.1587
./robustness_results/InstructPix2Pix/PhotoGuard,blur@0.5@immunized,blur,0.5,immunized,2.9333,0.5857,0.3278
./robustness_results/InstructPix2Pix/PhotoGuard,blur@0.5@original,blur,0.5,original,1.5167,0.8293,0.7315
./robustness_results/InstructPix2Pix/PhotoGuard,blur@1.0@immunized,blur,1.0,immunized,1.5033,0.7116,0.4794
./robustness_results/InstructPix2Pix/PhotoGuard,blur@1.0@original,blur,1.0,original,1.7533,0.7847,0.6404
./robustness_results/InstructPix2Pix/PhotoGuard,blur@2.0@immunized,blur,2.0,immunized,2.2500,0.6888,0.4796
./robustness_results/InstructPix2Pix/PhotoGuard,blur@2.0@original,blur,2.0,original,1.8033,0.7273,0.5342
./robustness_results/InstructPix2Pix/PhotoGuard,blur@4.0@immunized,blur,4.0,immunized,3.1133,0.6393,0.3896
./robustness_results/InstructPix2Pix/PhotoGuard,blur@4.0@original,blur,4.0,original,2.6467,0.6296,0.4080
./robustness_results/InstructPix2Pix/VAE_MSE_FT_2_STAGE,clean@None@immunized,clean,,immunized,4.5633,0.7222,0.5704
./robustness_results/InstructPix2Pix/VAE_MSE_FT_2_STAGE,clean@None@original,clean,,original,1.8033,0.8309,0.7743
./robustness_results/InstructPix2Pix/VAE_MSE_FT_2_STAGE,jpeg@85@immunized,jpeg,85,immunized,3.9800,0.7717,0.6235
./robustness_results/InstructPix2Pix/VAE_MSE_FT_2_STAGE,jpeg@85@original,jpeg,85,original,1.6733,0.8148,0.7091
./robustness_results/InstructPix2Pix/VAE_MSE_FT_2_STAGE,jpeg@60@immunized,jpeg,60,immunized,3.6633,0.7313,0.5662
./robustness_results/InstructPix2Pix/VAE_MSE_FT_2_STAGE,jpeg@60@original,jpeg,60,original,1.3800,0.7677,0.6272
./robustness_results/InstructPix2Pix/VAE_MSE_FT_2_STAGE,jpeg@30@immunized,jpeg,30,immunized,2.8367,0.7481,0.5455
./robustness_results/InstructPix2Pix/VAE_MSE_FT_2_STAGE,jpeg@30@original,jpeg,30,original,1.4067,0.7210,0.5517
./robustness_results/InstructPix2Pix/VAE_MSE_FT_2_STAGE,crop_center@0.9@immunized,crop_center,0.9,immunized,4.2933,0.5548,0.4198
./robustness_results/InstructPix2Pix/VAE_MSE_FT_2_STAGE,crop_center@0.9@original,crop_center,0.9,original,1.5167,0.5899,0.4429
./robustness_results/InstructPix2Pix/VAE_MSE_FT_2_STAGE,crop_center@0.75@immunized,crop_center,0.75,immunized,4.5833,0.4357,0.2816
./robustness_results/InstructPix2Pix/VAE_MSE_FT_2_STAGE,crop_center@0.75@original,crop_center,0.75,original,1.8233,0.4355,0.3082
./robustness_results/InstructPix2Pix/VAE_MSE_FT_2_STAGE,crop_center@0.5@immunized,crop_center,0.5,immunized,6.1233,0.3035,0.1717
./robustness_results/InstructPix2Pix/VAE_MSE_FT_2_STAGE,crop_center@0.5@original,crop_center,0.5,original,2.4267,0.3022,0.1722
./robustness_results/InstructPix2Pix/VAE_MSE_FT_2_STAGE,crop_random@0.9@immunized,crop_random,0.9,immunized,4.9767,0.5475,0.4111
./robustness_results/InstructPix2Pix/VAE_MSE_FT_2_STAGE,crop_random@0.9@original,crop_random,0.9,original,1.7067,0.5813,0.4412
./robustness_results/InstructPix2Pix/VAE_MSE_FT_2_STAGE,crop_random@0.75@immunized,crop_random,0.75,immunized,5.0833,0.3918,0.2597
./robustness_results/InstructPix2Pix/VAE_MSE_FT_2_STAGE,crop_random@0.75@original,crop_random,0.75,original,1.9733,0.4149,0.2904
./robustness_results/InstructPix2Pix/VAE_MSE_FT_2_STAGE,crop_random@0.5@immunized,crop_random,0.5,immunized,5.8167,0.2643,0.1496
./robustness_results/InstructPix2Pix/VAE_MSE_FT_2_STAGE,crop_random@0.5@original,crop_random,0.5,original,3.0900,0.2616,0.1453
./robustness_results/InstructPix2Pix/VAE_MSE_FT_2_STAGE,blur@0.5@immunized,blur,0.5,immunized,4.4367,0.7750,0.6170
./robustness_results/InstructPix2Pix/VAE_MSE_FT_2_STAGE,blur@0.5@original,blur,0.5,original,1.8467,0.8380,0.7307
./robustness_results/InstructPix2Pix/VAE_MSE_FT_2_STAGE,blur@1.0@immunized,blur,1.0,immunized,1.9733,0.7636,0.6118
./robustness_results/InstructPix2Pix/VAE_MSE_FT_2_STAGE,blur@1.0@original,blur,1.0,original,1.8600,0.8035,0.6550
./robustness_results/InstructPix2Pix/VAE_MSE_FT_2_STAGE,blur@2.0@immunized,blur,2.0,immunized,2.1333,0.7042,0.4900
./robustness_results/InstructPix2Pix/VAE_MSE_FT_2_STAGE,blur@2.0@original,blur,2.0,original,1.8067,0.7256,0.5348
./robustness_results/InstructPix2Pix/VAE_MSE_FT_2_STAGE,blur@4.0@immunized,blur,4.0,immunized,3.0167,0.6482,0.3981
./robustness_results/InstructPix2Pix/VAE_MSE_FT_2_STAGE,blur@4.0@original,blur,4.0,original,3.5767,0.6247,0.4011
./robustness_results/InstructPix2Pix/VAE_MSE_TARGET_OPT,clean@None@immunized,clean,,immunized,4.2500,0.7509,0.5992
./robustness_results/InstructPix2Pix/VAE_MSE_TARGET_OPT,clean@None@original,clean,,original,1.5400,0.8417,0.7844
./robustness_results/InstructPix2Pix/VAE_MSE_TARGET_OPT,jpeg@85@immunized,jpeg,85,immunized,4.3700,0.7888,0.6425
./robustness_results/InstructPix2Pix/VAE_MSE_TARGET_OPT,jpeg@85@original,jpeg,85,original,1.7900,0.8148,0.6864
./robustness_results/InstructPix2Pix/VAE_MSE_TARGET_OPT,jpeg@60@immunized,jpeg,60,immunized,3.4833,0.7401,0.5777
./robustness_results/InstructPix2Pix/VAE_MSE_TARGET_OPT,jpeg@60@original,jpeg,60,original,1.7467,0.7441,0.6174
./robustness_results/InstructPix2Pix/VAE_MSE_TARGET_OPT,jpeg@30@immunized,jpeg,30,immunized,2.4333,0.7075,0.5357
./robustness_results/InstructPix2Pix/VAE_MSE_TARGET_OPT,jpeg@30@original,jpeg,30,original,1.8933,0.7247,0.5611
./robustness_results/InstructPix2Pix/VAE_MSE_TARGET_OPT,crop_center@0.9@immunized,crop_center,0.9,immunized,4.5333,0.5661,0.4085
./robustness_results/InstructPix2Pix/VAE_MSE_TARGET_OPT,crop_center@0.9@original,crop_center,0.9,original,1.4700,0.5964,0.4606
./robustness_results/InstructPix2Pix/VAE_MSE_TARGET_OPT,crop_center@0.75@immunized,crop_center,0.75,immunized,5.6700,0.4282,0.3039
./robustness_results/InstructPix2Pix/VAE_MSE_TARGET_OPT,crop_center@0.75@original,crop_center,0.75,original,2.1200,0.4345,0.3063
./robustness_results/InstructPix2Pix/VAE_MSE_TARGET_OPT,crop_center@0.5@immunized,crop_center,0.5,immunized,6.1167,0.2845,0.1773
./robustness_results/InstructPix2Pix/VAE_MSE_TARGET_OPT,crop_center@0.5@original,crop_center,0.5,original,2.7467,0.3050,0.1667
./robustness_results/InstructPix2Pix/VAE_MSE_TARGET_OPT,crop_random@0.9@immunized,crop_random,0.9,immunized,4.3300,0.5560,0.4071
./robustness_results/InstructPix2Pix/VAE_MSE_TARGET_OPT,crop_random@0.9@original,crop_random,0.9,original,2.1700,0.5919,0.4351
./robustness_results/InstructPix2Pix/VAE_MSE_TARGET_OPT,crop_random@0.75@immunized,crop_random,0.75,immunized,5.1533,0.3970,0.2676
./robustness_results/InstructPix2Pix/VAE_MSE_TARGET_OPT,crop_random@0.75@original,crop_random,0.75,original,1.9067,0.4207,0.2960
./robustness_results/InstructPix2Pix/VAE_MSE_TARGET_OPT,crop_random@0.5@immunized,crop_random,0.5,immunized,6.1500,0.2603,0.1468
./robustness_results/InstructPix2Pix/VAE_MSE_TARGET_OPT,crop_random@0.5@original,crop_random,0.5,original,3.0233,0.2482,0.1403
./robustness_results/InstructPix2Pix/VAE_MSE_TARGET_OPT,blur@0.5@immunized,blur,0.5,immunized,4.2767,0.7717,0.5969
./robustness_results/InstructPix2Pix/VAE_MSE_TARGET_OPT,blur@0.5@original,blur,0.5,original,1.6300,0.8279,0.7187
./robustness_results/InstructPix2Pix/VAE_MSE_TARGET_OPT,blur@1.0@immunized,blur,1.0,immunized,1.7467,0.7814,0.6057
./robustness_results/InstructPix2Pix/VAE_MSE_TARGET_OPT,blur@1.0@original,blur,1.0,original,1.6633,0.7808,0.6520
./robustness_results/InstructPix2Pix/VAE_MSE_TARGET_OPT,blur@2.0@immunized,blur,2.0,immunized,2.5833,0.6910,0.4698
./robustness_results/InstructPix2Pix/VAE_MSE_TARGET_OPT,blur@2.0@original,blur,2.0,original,2.0267,0.7225,0.5151
./robustness_results/InstructPix2Pix/VAE_MSE_TARGET_OPT,blur@4.0@immunized,blur,4.0,immunized,3.3367,0.6223,0.3908
./robustness_results/InstructPix2Pix/VAE_MSE_TARGET_OPT,blur@4.0@original,blur,4.0,original,2.6400,0.6409,0.4051
./robustness_results/SD_Img2Img/DiffVax,clean@None@immunized,clean,,immunized,1.3267,0.7804,0.6575
./robustness_results/SD_Img2Img/DiffVax,clean@None@original,clean,,original,1.0000,1.0000,1.0000
./robustness_results/SD_Img2Img/DiffVax,jpeg@85@immunized,jpeg,85,immunized,1.3200,0.7604,0.6070
./robustness_results/SD_Img2Img/DiffVax,jpeg@85@original,jpeg,85,original,1.1733,0.7761,0.6576
./robustness_results/SD_Img2Img/DiffVax,jpeg@60@immunized,jpeg,60,immunized,1.4100,0.7105,0.5487
./robustness_results/SD_Img2Img/DiffVax,jpeg@60@original,jpeg,60,original,1.3867,0.7305,0.5666
./robustness_results/SD_Img2Img/DiffVax,jpeg@30@immunized,jpeg,30,immunized,2.4467,0.7163,0.4826
./robustness_results/SD_Img2Img/DiffVax,jpeg@30@original,jpeg,30,original,2.3133,0.6734,0.4682
./robustness_results/SD_Img2Img/DiffVax,crop_center@0.9@immunized,crop_center,0.9,immunized,2.8033,0.5574,0.3188
./robustness_results/SD_Img2Img/DiffVax,crop_center@0.9@original,crop_center,0.9,original,2.7000,0.5391,0.3138
./robustness_results/SD_Img2Img/DiffVax,crop_center@0.75@immunized,crop_center,0.75,immunized,2.6500,0.4770,0.2467
./robustness_results/SD_Img2Img/DiffVax,crop_center@0.75@original,crop_center,0.75,original,2.9433,0.4735,0.2425
./robustness_results/SD_Img2Img/DiffVax,crop_center@0.5@immunized,crop_center,0.5,immunized,3.3933,0.3418,0.1585
./robustness_results/SD_Img2Img/DiffVax,crop_center@0.5@original,crop_center,0.5,original,2.8467,0.3037,0.1521
./robustness_results/SD_Img2Img/DiffVax,crop_random@0.9@immunized,crop_random,0.9,immunized,3.0000,0.5434,0.3193
./robustness_results/SD_Img2Img/DiffVax,crop_random@0.9@original,crop_random,0.9,original,3.2033,0.5593,0.3064
./robustness_results/SD_Img2Img/DiffVax,crop_random@0.75@immunized,crop_random,0.75,immunized,3.0067,0.3768,0.2102
./robustness_results/SD_Img2Img/DiffVax,crop_random@0.75@original,crop_random,0.75,original,3.4300,0.4380,0.2323
./robustness_results/SD_Img2Img/DiffVax,crop_random@0.5@immunized,crop_random,0.5,immunized,3.2433,0.2642,0.1234
./robustness_results/SD_Img2Img/DiffVax,crop_random@0.5@original,crop_random,0.5,original,3.3900,0.2713,0.1268
./robustness_results/SD_Img2Img/DiffVax,blur@0.5@immunized,blur,0.5,immunized,1.2967,0.7911,0.6547
./robustness_results/SD_Img2Img/DiffVax,blur@0.5@original,blur,0.5,original,1.1567,0.8317,0.7047
./robustness_results/SD_Img2Img/DiffVax,blur@1.0@immunized,blur,1.0,immunized,1.9833,0.7059,0.5011
./robustness_results/SD_Img2Img/DiffVax,blur@1.0@original,blur,1.0,original,1.8933,0.7483,0.5082
./robustness_results/SD_Img2Img/DiffVax,blur@2.0@immunized,blur,2.0,immunized,2.8667,0.6246,0.3745
./robustness_results/SD_Img2Img/DiffVax,blur@2.0@original,blur,2.0,original,3.1067,0.6284,0.3772
./robustness_results/SD_Img2Img/DiffVax,blur@4.0@immunized,blur,4.0,immunized,4.2633,0.6016,0.3148
./robustness_results/SD_Img2Img/DiffVax,blur@4.0@original,blur,4.0,original,4.4133,0.5809,0.3054
./robustness_results/SD_Img2Img/PhotoGuard,clean@None@immunized,clean,,immunized,7.0000,0.2927,0.0643
./robustness_results/SD_Img2Img/PhotoGuard,clean@None@original,clean,,original,1.0000,1.0000,1.0000
./robustness_results/SD_Img2Img/PhotoGuard,jpeg@85@immunized,jpeg,85,immunized,5.7000,0.4223,0.1413
./robustness_results/SD_Img2Img/PhotoGuard,jpeg@85@original,jpeg,85,original,1.1733,0.7761,0.6576
./robustness_results/SD_Img2Img/PhotoGuard,jpeg@60@immunized,jpeg,60,immunized,4.9100,0.5324,0.2778
./robustness_results/SD_Img2Img/PhotoGuard,jpeg@60@original,jpeg,60,original,1.3867,0.7305,0.5666
./robustness_results/SD_Img2Img/PhotoGuard,jpeg@30@immunized,jpeg,30,immunized,3.9100,0.6072,0.3452
./robustness_results/SD_Img2Img/PhotoGuard,jpeg@30@original,jpeg,30,original,2.3133,0.6734,0.4682
./robustness_results/SD_Img2Img/PhotoGuard,crop_center@0.9@immunized,crop_center,0.9,immunized,6.8100,0.3995,0.0647
./robustness_results/SD_Img2Img/PhotoGuard,crop_center@0.9@original,crop_center,0.9,original,2.7000,0.5391,0.3138
./robustness_results/SD_Img2Img/PhotoGuard,crop_center@0.75@immunized,crop_center,0.75,immunized,7.0000,0.4204,0.0653
./robustness_results/SD_Img2Img/PhotoGuard,crop_center@0.75@original,crop_center,0.75,original,2.9433,0.4735,0.2425
./robustness_results/SD_Img2Img/PhotoGuard,crop_center@0.5@immunized,crop_center,0.5,immunized,7.0000,0.3629,0.0527
./robustness_results/SD_Img2Img/PhotoGuard,crop_center@0.5@original,crop_center,0.5,original,2.8467,0.3037,0.1521
./robustness_results/SD_Img2Img/PhotoGuard,crop_random@0.9@immunized,crop_random,0.9,immunized,6.7400,0.3765,0.0619
./robustness_results/SD_Img2Img/PhotoGuard,crop_random@0.9@original,crop_random,0.9,original,3.2033,0.5593,0.3064
./robustness_results/SD_Img2Img/PhotoGuard,crop_random@0.75@immunized,crop_random,0.75,immunized,6.8167,0.3745,0.0616
./robustness_results/SD_Img2Img/PhotoGuard,crop_random@0.75@original,crop_random,0.75,original,3.4300,0.4380,0.2323
./robustness_results/SD_Img2Img/PhotoGuard,crop_random@0.5@immunized,crop_random,0.5,immunized,7.0000,0.2090,0.0329
./robustness_results/SD_Img2Img/PhotoGuard,crop_random@0.5@original,crop_random,0.5,original,3.3900,0.2713,0.1268
./robustness_results/SD_Img2Img/PhotoGuard,blur@0.5@immunized,blur,0.5,immunized,7.0000,0.3362,0.0684
./robustness_results/SD_Img2Img/PhotoGuard,blur@0.5@original,blur,0.5,original,1.1567,0.8317,0.7047
./robustness_results/SD_Img2Img/PhotoGuard,blur@1.0@immunized,blur,1.0,immunized,4.2367,0.5593,0.3019
./robustness_results/SD_Img2Img/PhotoGuard,blur@1.0@original,blur,1.0,original,1.8933,0.7483,0.5082
./robustness_results/SD_Img2Img/PhotoGuard,blur@2.0@immunized,blur,2.0,immunized,4.2933,0.5987,0.3267
./robustness_results/SD_Img2Img/PhotoGuard,blur@2.0@original,blur,2.0,original,3.1067,0.6284,0.3772
./robustness_results/SD_Img2Img/PhotoGuard,blur@4.0@immunized,blur,4.0,immunized,4.4233,0.5755,0.2890
./robustness_results/SD_Img2Img/PhotoGuard,blur@4.0@original,blur,4.0,original,4.4133,0.5809,0.3054
./robustness_results/SD_Img2Img/VAE_MSE_FT_2_STAGE,clean@None@immunized,clean,,immunized,6.2900,0.4885,0.2306
./robustness_results/SD_Img2Img/VAE_MSE_FT_2_STAGE,clean@None@original,clean,,original,1.0000,1.0000,1.0000
./robustness_results/SD_Img2Img/VAE_MSE_FT_2_STAGE,jpeg@85@immunized,jpeg,85,immunized,3.6300,0.5983,0.4098
./robustness_results/SD_Img2Img/VAE_MSE_FT_2_STAGE,jpeg@85@original,jpeg,85,original,1.1733,0.7761,0.6576
./robustness_results/SD_Img2Img/VAE_MSE_FT_2_STAGE,jpeg@60@immunized,jpeg,60,immunized,3.0467,0.6100,0.4148
./robustness_results/SD_Img2Img/VAE_MSE_FT_2_STAGE,jpeg@60@original,jpeg,60,original,1.3867,0.7305,0.5666
./robustness_results/SD_Img2Img/VAE_MSE_FT_2_STAGE,jpeg@30@immunized,jpeg,30,immunized,3.9633,0.5923,0.3763
./robustness_results/SD_Img2Img/VAE_MSE_FT_2_STAGE,jpeg@30@original,jpeg,30,original,2.3133,0.6734,0.4682
./robustness_results/SD_Img2Img/VAE_MSE_FT_2_STAGE,crop_center@0.9@immunized,crop_center,0.9,immunized,4.6467,0.5102,0.2390
./robustness_results/SD_Img2Img/VAE_MSE_FT_2_STAGE,crop_center@0.9@original,crop_center,0.9,original,2.7000,0.5391,0.3138
./robustness_results/SD_Img2Img/VAE_MSE_FT_2_STAGE,crop_center@0.75@immunized,crop_center,0.75,immunized,5.2633,0.4222,0.1778
./robustness_results/SD_Img2Img/VAE_MSE_FT_2_STAGE,crop_center@0.75@original,crop_center,0.75,original,2.9433,0.4735,0.2425
./robustness_results/SD_Img2Img/VAE_MSE_FT_2_STAGE,crop_center@0.5@immunized,crop_center,0.5,immunized,5.9267,0.3145,0.1024
./robustness_results/SD_Img2Img/VAE_MSE_FT_2_STAGE,crop_center@0.5@original,crop_center,0.5,original,2.8467,0.3037,0.1521
./robustness_results/SD_Img2Img/VAE_MSE_FT_2_STAGE,crop_random@0.9@immunized,crop_random,0.9,immunized,4.7067,0.4772,0.2053
./robustness_results/SD_Img2Img/VAE_MSE_FT_2_STAGE,crop_random@0.9@original,crop_random,0.9,original,3.2033,0.5593,0.3064
./robustness_results/SD_Img2Img/VAE_MSE_FT_2_STAGE,crop_random@0.75@immunized,crop_random,0.75,immunized,4.8467,0.3889,0.1746
./robustness_results/SD_Img2Img/VAE_MSE_FT_2_STAGE,crop_random@0.75@original,crop_random,0.75,original,3.4300,0.4380,0.2323
./robustness_results/SD_Img2Img/VAE_MSE_FT_2_STAGE,crop_random@0.5@immunized,crop_random,0.5,immunized,5.9000,0.2725,0.1033
./robustness_results/SD_Img2Img/VAE_MSE_FT_2_STAGE,crop_random@0.5@original,crop_random,0.5,original,3.3900,0.2713,0.1268
./robustness_results/SD_Img2Img/VAE_MSE_FT_2_STAGE,blur@0.5@immunized,blur,0.5,immunized,5.5567,0.4898,0.2462
./robustness_results/SD_Img2Img/VAE_MSE_FT_2_STAGE,blur@0.5@original,blur,0.5,original,1.1567,0.8317,0.7047
./robustness_results/SD_Img2Img/VAE_MSE_FT_2_STAGE,blur@1.0@immunized,blur,1.0,immunized,3.8533,0.5898,0.3789
./robustness_results/SD_Img2Img/VAE_MSE_FT_2_STAGE,blur@1.0@original,blur,1.0,original,1.8933,0.7483,0.5082
./robustness_results/SD_Img2Img/VAE_MSE_FT_2_STAGE,blur@2.0@immunized,blur,2.0,immunized,4.1200,0.5794,0.3387
./robustness_results/SD_Img2Img/VAE_MSE_FT_2_STAGE,blur@2.0@original,blur,2.0,original,3.1067,0.6284,0.3772
./robustness_results/SD_Img2Img/VAE_MSE_FT_2_STAGE,blur@4.0@immunized,blur,4.0,immunized,5.5167,0.5498,0.2904
./robustness_results/SD_Img2Img/VAE_MSE_FT_2_STAGE,blur@4.0@original,blur,4.0,original,4.4133,0.5809,0.3054
./robustness_results/SD_Img2Img/VAE_MSE_TARGET_OPT,clean@None@immunized,clean,,immunized,5.4833,0.4343,0.1822
./robustness_results/SD_Img2Img/VAE_MSE_TARGET_OPT,clean@None@original,clean,,original,1.0000,1.0000,1.0000
./robustness_results/SD_Img2Img/VAE_MSE_TARGET_OPT,jpeg@85@immunized,jpeg,85,immunized,3.9200,0.5808,0.3903
./robustness_results/SD_Img2Img/VAE_MSE_TARGET_OPT,jpeg@85@original,jpeg,85,original,1.1733,0.7761,0.6576
./robustness_results/SD_Img2Img/VAE_MSE_TARGET_OPT,jpeg@60@immunized,jpeg,60,immunized,3.2433,0.6525,0.4439
./robustness_results/SD_Img2Img/VAE_MSE_TARGET_OPT,jpeg@60@original,jpeg,60,original,1.3867,0.7305,0.5666
./robustness_results/SD_Img2Img/VAE_MSE_TARGET_OPT,jpeg@30@immunized,jpeg,30,immunized,3.8567,0.5802,0.3665
./robustness_results/SD_Img2Img/VAE_MSE_TARGET_OPT,jpeg@30@original,jpeg,30,original,2.3133,0.6734,0.4682
./robustness_results/SD_Img2Img/VAE_MSE_TARGET_OPT,crop_center@0.9@immunized,crop_center,0.9,immunized,4.9700,0.4551,0.2044
./robustness_results/SD_Img2Img/VAE_MSE_TARGET_OPT,crop_center@0.9@original,crop_center,0.9,original,2.7000,0.5391,0.3138
./robustness_results/SD_Img2Img/VAE_MSE_TARGET_OPT,crop_center@0.75@immunized,crop_center,0.75,immunized,5.4667,0.3637,0.1503
./robustness_results/SD_Img2Img/VAE_MSE_TARGET_OPT,crop_center@0.75@original,crop_center,0.75,original,2.9433,0.4735,0.2425
./robustness_results/SD_Img2Img/VAE_MSE_TARGET_OPT,crop_center@0.5@immunized,crop_center,0.5,immunized,5.4300,0.3033,0.1001
./robustness_results/SD_Img2Img/VAE_MSE_TARGET_OPT,crop_center@0.5@original,crop_center,0.5,original,2.8467,0.3037,0.1521
./robustness_results/SD_Img2Img/VAE_MSE_TARGET_OPT,crop_random@0.9@immunized,crop_random,0.9,immunized,5.2033,0.4773,0.2107
./robustness_results/SD_Img2Img/VAE_MSE_TARGET_OPT,crop_random@0.9@original,crop_random,0.9,original,3.2033,0.5593,0.3064
./robustness_results/SD_Img2Img/VAE_MSE_TARGET_OPT,crop_random@0.75@immunized,crop_random,0.75,immunized,5.0967,0.3832,0.1582
./robustness_results/SD_Img2Img/VAE_MSE_TARGET_OPT,crop_random@0.75@original,crop_random,0.75,original,3.4300,0.4380,0.2323
./robustness_results/SD_Img2Img/VAE_MSE_TARGET_OPT,crop_random@0.5@immunized,crop_random,0.5,immunized,6.2367,0.2709,0.0998
./robustness_results/SD_Img2Img/VAE_MSE_TARGET_OPT,crop_random@0.5@original,crop_random,0.5,original,3.3900,0.2713,0.1268
./robustness_results/SD_Img2Img/VAE_MSE_TARGET_OPT,blur@0.5@immunized,blur,0.5,immunized,5.4967,0.5099,0.2488
./robustness_results/SD_Img2Img/VAE_MSE_TARGET_OPT,blur@0.5@original,blur,0.5,original,1.1567,0.8317,0.7047
./robustness_results/SD_Img2Img/VAE_MSE_TARGET_OPT,blur@1.0@immunized,blur,1.0,immunized,3.4667,0.6468,0.4227
./robustness_results/SD_Img2Img/VAE_MSE_TARGET_OPT,blur@1.0@original,blur,1.0,original,1.8933,0.7483,0.5082
./robustness_results/SD_Img2Img/VAE_MSE_TARGET_OPT,blur@2.0@immunized,blur,2.0,immunized,4.0267,0.5735,0.3466
./robustness_results/SD_Img2Img/VAE_MSE_TARGET_OPT,blur@2.0@original,blur,2.0,original,3.1067,0.6284,0.3772
./robustness_results/SD_Img2Img/VAE_MSE_TARGET_OPT,blur@4.0@immunized,blur,4.0,immunized,5.3600,0.5472,0.2814
./robustness_results/SD_Img2Img/VAE_MSE_TARGET_OPT,blur@4.0@original,blur,4.0,original,4.4133,0.5809,0.3054
./robustness_results/SD_Inpainting/DiffVax,clean@None@immunized,clean,,immunized,4.8300,0.4119,0.1087
./robustness_results/SD_Inpainting/DiffVax,clean@None@original,clean,,original,1.2667,0.8647,0.7932
./robustness_results/SD_Inpainting/DiffVax,jpeg@85@immunized,jpeg,85,immunized,4.0567,0.4082,0.1174
./robustness_results/SD_Inpainting/DiffVax,jpeg@85@original,jpeg,85,original,2.1067,0.5878,0.3510
./robustness_results/SD_Inpainting/DiffVax,jpeg@60@immunized,jpeg,60,immunized,4.7033,0.4163,0.1368
./robustness_results/SD_Inpainting/DiffVax,jpeg@60@original,jpeg,60,original,2.2400,0.5435,0.3080
./robustness_results/SD_Inpainting/DiffVax,jpeg@30@immunized,jpeg,30,immunized,4.0167,0.3908,0.1329
./robustness_results/SD_Inpainting/DiffVax,jpeg@30@original,jpeg,30,original,2.2867,0.4701,0.2576
./robustness_results/SD_Inpainting/DiffVax,crop_center@0.9@immunized,crop_center,0.9,immunized,2.4433,0.4420,0.2150
./robustness_results/SD_Inpainting/DiffVax,crop_center@0.9@original,crop_center,0.9,original,2.6767,0.4067,0.2159
./robustness_results/SD_Inpainting/DiffVax,crop_center@0.75@immunized,crop_center,0.75,immunized,2.8200,0.4051,0.1864
./robustness_results/SD_Inpainting/DiffVax,crop_center@0.75@original,crop_center,0.75,original,2.7767,0.3963,0.1887
./robustness_results/SD_Inpainting/DiffVax,crop_center@0.5@immunized,crop_center,0.5,immunized,3.5100,0.3199,0.1330
./robustness_results/SD_Inpainting/DiffVax,crop_center@0.5@original,crop_center,0.5,original,3.1900,0.3150,0.1353
./robustness_results/SD_Inpainting/DiffVax,crop_random@0.9@immunized,crop_random,0.9,immunized,3.0700,0.3363,0.1552
./robustness_results/SD_Inpainting/DiffVax,crop_random@0.9@original,crop_random,0.9,original,2.7933,0.3944,0.1764
./robustness_results/SD_Inpainting/DiffVax,crop_random@0.75@immunized,crop_random,0.75,immunized,3.7367,0.2837,0.1163
./robustness_results/SD_Inpainting/DiffVax,crop_random@0.75@original,crop_random,0.75,original,3.2533,0.3163,0.1107
./robustness_results/SD_Inpainting/DiffVax,crop_random@0.5@immunized,crop_random,0.5,immunized,3.8433,0.2554,0.0794
./robustness_results/SD_Inpainting/DiffVax,crop_random@0.5@original,crop_random,0.5,original,3.1067,0.2390,0.0847
./robustness_results/SD_Inpainting/DiffVax,blur@0.5@immunized,blur,0.5,immunized,4.4667,0.4270,0.1172
./robustness_results/SD_Inpainting/DiffVax,blur@0.5@original,blur,0.5,original,2.0233,0.5099,0.3229
./robustness_results/SD_Inpainting/DiffVax,blur@1.0@immunized,blur,1.0,immunized,4.2867,0.4166,0.1368
./robustness_results/SD_Inpainting/DiffVax,blur@1.0@original,blur,1.0,original,2.6933,0.4427,0.2225
./robustness_results/SD_Inpainting/DiffVax,blur@2.0@immunized,blur,2.0,immunized,4.2400,0.3964,0.1405
./robustness_results/SD_Inpainting/DiffVax,blur@2.0@original,blur,2.0,original,2.7033,0.3815,0.1602
./robustness_results/SD_Inpainting/DiffVax,blur@4.0@immunized,blur,4.0,immunized,2.7033,0.3582,0.1400
./robustness_results/SD_Inpainting/DiffVax,blur@4.0@original,blur,4.0,original,2.6300,0.3571,0.1500
./robustness_results/SD_Inpainting/PhotoGuard,clean@None@immunized,clean,,immunized,3.4100,0.3884,0.1850
./robustness_results/SD_Inpainting/PhotoGuard,clean@None@original,clean,,original,1.2667,0.8647,0.7932
./robustness_results/SD_Inpainting/PhotoGuard,jpeg@85@immunized,jpeg,85,immunized,2.3967,0.4341,0.2215
./robustness_results/SD_Inpainting/PhotoGuard,jpeg@85@original,jpeg,85,original,2.1067,0.5878,0.3510
./robustness_results/SD_Inpainting/PhotoGuard,jpeg@60@immunized,jpeg,60,immunized,2.3933,0.4461,0.2463
./robustness_results/SD_Inpainting/PhotoGuard,jpeg@60@original,jpeg,60,original,2.2400,0.5435,0.3080
./robustness_results/SD_Inpainting/PhotoGuard,jpeg@30@immunized,jpeg,30,immunized,2.0167,0.4754,0.2507
./robustness_results/SD_Inpainting/PhotoGuard,jpeg@30@original,jpeg,30,original,2.2867,0.4701,0.2576
./robustness_results/SD_Inpainting/PhotoGuard,crop_center@0.9@immunized,crop_center,0.9,immunized,2.7133,0.3851,0.2053
./robustness_results/SD_Inpainting/PhotoGuard,crop_center@0.9@original,crop_center,0.9,original,2.6767,0.4067,0.2159
./robustness_results/SD_Inpainting/PhotoGuard,crop_center@0.75@immunized,crop_center,0.75,immunized,4.1300,0.3760,0.1592
./robustness_results/SD_Inpainting/PhotoGuard,crop_center@0.75@original,crop_center,0.75,original,2.7767,0.3963,0.1887
./robustness_results/SD_Inpainting/PhotoGuard,crop_center@0.5@immunized,crop_center,0.5,immunized,5.3767,0.2845,0.1122
./robustness_results/SD_Inpainting/PhotoGuard,crop_center@0.5@original,crop_center,0.5,original,3.1900,0.3150,0.1353
./robustness_results/SD_Inpainting/PhotoGuard,crop_random@0.9@immunized,crop_random,0.9,immunized,3.4567,0.3368,0.1491
./robustness_results/SD_Inpainting/PhotoGuard,crop_random@0.9@original,crop_random,0.9,original,2.7933,0.3944,0.1764
./robustness_results/SD_Inpainting/PhotoGuard,crop_random@0.75@immunized,crop_random,0.75,immunized,5.3833,0.3117,0.1177
./robustness_results/SD_Inpainting/PhotoGuard,crop_random@0.75@original,crop_random,0.75,original,3.2533,0.3163,0.1107
./robustness_results/SD_Inpainting/PhotoGuard,crop_random@0.5@immunized,crop_random,0.5,immunized,5.8300,0.2813,0.0780
./robustness_results/SD_Inpainting/PhotoGuard,crop_random@0.5@original,crop_random,0.5,original,3.1067,0.2390,0.0847
./robustness_results/SD_Inpainting/PhotoGuard,blur@0.5@immunized,blur,0.5,immunized,3.0233,0.4207,0.1976
./robustness_results/SD_Inpainting/PhotoGuard,blur@0.5@original,blur,0.5,original,2.0233,0.5099,0.3229
./robustness_results/SD_Inpainting/PhotoGuard,blur@1.0@immunized,blur,1.0,immunized,2.4167,0.4470,0.2035
./robustness_results/SD_Inpainting/PhotoGuard,blur@1.0@original,blur,1.0,original,2.6933,0.4427,0.2225
./robustness_results/SD_Inpainting/PhotoGuard,blur@2.0@immunized,blur,2.0,immunized,3.2167,0.3729,0.1682
./robustness_results/SD_Inpainting/PhotoGuard,blur@2.0@original,blur,2.0,original,2.7033,0.3815,0.1602
./robustness_results/SD_Inpainting/PhotoGuard,blur@4.0@immunized,blur,4.0,immunized,2.4233,0.3991,0.1488
./robustness_results/SD_Inpainting/PhotoGuard,blur@4.0@original,blur,4.0,original,2.6300,0.3571,0.1500
./robustness_results/SD_Inpainting/VAE_MSE_FT_2_STAGE,clean@None@immunized,clean,,immunized,5.6933,0.3989,0.1508
./robustness_results/SD_Inpainting/VAE_MSE_FT_2_STAGE,clean@None@original,clean,,original,1.2667,0.8647,0.7932
./robustness_results/SD_Inpainting/VAE_MSE_FT_2_STAGE,jpeg@85@immunized,jpeg,85,immunized,4.1933,0.4038,0.1692
./robustness_results/SD_Inpainting/VAE_MSE_FT_2_STAGE,jpeg@85@original,jpeg,85,original,2.1067,0.5878,0.3510
./robustness_results/SD_Inpainting/VAE_MSE_FT_2_STAGE,jpeg@60@immunized,jpeg,60,immunized,3.7067,0.3912,0.1796
./robustness_results/SD_Inpainting/VAE_MSE_FT_2_STAGE,jpeg@60@original,jpeg,60,original,2.2400,0.5435,0.3080
./robustness_results/SD_Inpainting/VAE_MSE_FT_2_STAGE,jpeg@30@immunized,jpeg,30,immunized,3.6333,0.3800,0.1711
./robustness_results/SD_Inpainting/VAE_MSE_FT_2_STAGE,jpeg@30@original,jpeg,30,original,2.2867,0.4701,0.2576
./robustness_results/SD_Inpainting/VAE_MSE_FT_2_STAGE,crop_center@0.9@immunized,crop_center,0.9,immunized,5.7200,0.3386,0.1566
./robustness_results/SD_Inpainting/VAE_MSE_FT_2_STAGE,crop_center@0.9@original,crop_center,0.9,original,2.6767,0.4067,0.2159
./robustness_results/SD_Inpainting/VAE_MSE_FT_2_STAGE,crop_center@0.75@immunized,crop_center,0.75,immunized,5.9333,0.3378,0.1347
./robustness_results/SD_Inpainting/VAE_MSE_FT_2_STAGE,crop_center@0.75@original,crop_center,0.75,original,2.7767,0.3963,0.1887
./robustness_results/SD_Inpainting/VAE_MSE_FT_2_STAGE,crop_center@0.5@immunized,crop_center,0.5,immunized,6.4900,0.2660,0.1044
./robustness_results/SD_Inpainting/VAE_MSE_FT_2_STAGE,crop_center@0.5@original,crop_center,0.5,original,3.1900,0.3150,0.1353
./robustness_results/SD_Inpainting/VAE_MSE_FT_2_STAGE,crop_random@0.9@immunized,crop_random,0.9,immunized,6.0700,0.2963,0.1253
./robustness_results/SD_Inpainting/VAE_MSE_FT_2_STAGE,crop_random@0.9@original,crop_random,0.9,original,2.7933,0.3944,0.1764
./robustness_results/SD_Inpainting/VAE_MSE_FT_2_STAGE,crop_random@0.75@immunized,crop_random,0.75,immunized,6.0433,0.3316,0.1021
./robustness_results/SD_Inpainting/VAE_MSE_FT_2_STAGE,crop_random@0.75@original,crop_random,0.75,original,3.2533,0.3163,0.1107
./robustness_results/SD_Inpainting/VAE_MSE_FT_2_STAGE,crop_random@0.5@immunized,crop_random,0.5,immunized,6.0267,0.2574,0.0666
./robustness_results/SD_Inpainting/VAE_MSE_FT_2_STAGE,crop_random@0.5@original,crop_random,0.5,original,3.1067,0.2390,0.0847
./robustness_results/SD_Inpainting/VAE_MSE_FT_2_STAGE,blur@0.5@immunized,blur,0.5,immunized,3.3633,0.3930,0.1734
./robustness_results/SD_Inpainting/VAE_MSE_FT_2_STAGE,blur@0.5@original,blur,0.5,original,2.0233,0.5099,0.3229
./robustness_results/SD_Inpainting/VAE_MSE_FT_2_STAGE,blur@1.0@immunized,blur,1.0,immunized,3.0500,0.4382,0.1747
./robustness_results/SD_Inpainting/VAE_MSE_FT_2_STAGE,blur@1.0@original,blur,1.0,original,2.6933,0.4427,0.2225
./robustness_results/SD_Inpainting/VAE_MSE_FT_2_STAGE,blur@2.0@immunized,blur,2.0,immunized,3.4033,0.3660,0.1385
./robustness_results/SD_Inpainting/VAE_MSE_FT_2_STAGE,blur@2.0@original,blur,2.0,original,2.7033,0.3815,0.1602
./robustness_results/SD_Inpainting/VAE_MSE_FT_2_STAGE,blur@4.0@immunized,blur,4.0,immunized,2.8100,0.3679,0.1336
./robustness_results/SD_Inpainting/VAE_MSE_FT_2_STAGE,blur@4.0@original,blur,4.0,original,2.6300,0.3571,0.1500
./robustness_results/SD_Inpainting/VAE_MSE_TARGET_OPT,clean@None@immunized,clean,,immunized,4.7900,0.4000,0.1416
./robustness_results/SD_Inpainting/VAE_MSE_TARGET_OPT,clean@None@original,clean,,original,1.2667,0.8647,0.7932
./robustness_results/SD_Inpainting/VAE_MSE_TARGET_OPT,jpeg@85@immunized,jpeg,85,immunized,4.4767,0.3930,0.1641
./robustness_results/SD_Inpainting/VAE_MSE_TARGET_OPT,jpeg@85@original,jpeg,85,original,2.1067,0.5878,0.3510
./robustness_results/SD_Inpainting/VAE_MSE_TARGET_OPT,jpeg@60@immunized,jpeg,60,immunized,4.3067,0.4286,0.1684
./robustness_results/SD_Inpainting/VAE_MSE_TARGET_OPT,jpeg@60@original,jpeg,60,original,2.2400,0.5435,0.3080
./robustness_results/SD_Inpainting/VAE_MSE_TARGET_OPT,jpeg@30@immunized,jpeg,30,immunized,3.4767,0.3840,0.1645
./robustness_results/SD_Inpainting/VAE_MSE_TARGET_OPT,jpeg@30@original,jpeg,30,original,2.2867,0.4701,0.2576
./robustness_results/SD_Inpainting/VAE_MSE_TARGET_OPT,crop_center@0.9@immunized,crop_center,0.9,immunized,6.2733,0.3999,0.1532
./robustness_results/SD_Inpainting/VAE_MSE_TARGET_OPT,crop_center@0.9@original,crop_center,0.9,original,2.6767,0.4067,0.2159
./robustness_results/SD_Inpainting/VAE_MSE_TARGET_OPT,crop_center@0.75@immunized,crop_center,0.75,immunized,6.4533,0.3518,0.1392
./robustness_results/SD_Inpainting/VAE_MSE_TARGET_OPT,crop_center@0.75@original,crop_center,0.75,original,2.7767,0.3963,0.1887
./robustness_results/SD_Inpainting/VAE_MSE_TARGET_OPT,crop_center@0.5@immunized,crop_center,0.5,immunized,6.4567,0.2809,0.1052
./robustness_results/SD_Inpainting/VAE_MSE_TARGET_OPT,crop_center@0.5@original,crop_center,0.5,original,3.1900,0.3150,0.1353
./robustness_results/SD_Inpainting/VAE_MSE_TARGET_OPT,crop_random@0.9@immunized,crop_random,0.9,immunized,5.1400,0.3380,0.1284
./robustness_results/SD_Inpainting/VAE_MSE_TARGET_OPT,crop_random@0.9@original,crop_random,0.9,original,2.7933,0.3944,0.1764
./robustness_results/SD_Inpainting/VAE_MSE_TARGET_OPT,crop_random@0.75@immunized,crop_random,0.75,immunized,6.2200,0.2890,0.1094
./robustness_results/SD_Inpainting/VAE_MSE_TARGET_OPT,crop_random@0.75@original,crop_random,0.75,original,3.2533,0.3163,0.1107
./robustness_results/SD_Inpainting/VAE_MSE_TARGET_OPT,crop_random@0.5@immunized,crop_random,0.5,immunized,6.0400,0.2516,0.0681
./robustness_results/SD_Inpainting/VAE_MSE_TARGET_OPT,crop_random@0.5@original,crop_random,0.5,original,3.1067,0.2390,0.0847
./robustness_results/SD_Inpainting/VAE_MSE_TARGET_OPT,blur@0.5@immunized,blur,0.5,immunized,3.9600,0.3838,0.1683
./robustness_results/SD_Inpainting/VAE_MSE_TARGET_OPT,blur@0.5@original,blur,0.5,original,2.0233,0.5099,0.3229
./robustness_results/SD_Inpainting/VAE_MSE_TARGET_OPT,blur@1.0@immunized,blur,1.0,immunized,3.5000,0.4466,0.1665
./robustness_results/SD_Inpainting/VAE_MSE_TARGET_OPT,blur@1.0@original,blur,1.0,original,2.6933,0.4427,0.2225
./robustness_results/SD_Inpainting/VAE_MSE_TARGET_OPT,blur@2.0@immunized,blur,2.0,immunized,3.6900,0.3912,0.1388
./robustness_results/SD_Inpainting/VAE_MSE_TARGET_OPT,blur@2.0@original,blur,2.0,original,2.7033,0.3815,0.1602
./robustness_results/SD_Inpainting/VAE_MSE_TARGET_OPT,blur@4.0@immunized,blur,4.0,immunized,2.8067,0.3874,0.1291
./robustness_results/SD_Inpainting/VAE_MSE_TARGET_OPT,blur@4.0@original,blur,4.0,original,2.6300,0.3571,0.1500
